<?xml version="1.0" encoding="utf-8"?>
<!-- !!!!!!!!!!!!warnning!!!!!!!!!!!!  -->
<!-- this config is used to config big memory -->
<!-- upon the item iaware, no allowed add any item -->
<!-- if you want to accelerate camera launch-->
<!-- please copy the following xml to your own product folder-->
<iaware iawareversion="1.0">
    <feature name="Memory">
    <config name="BigMemApp">
            <item appname="com.huawei.camera">
                <launch>900</launch>
            </item>
        </config>
    </feature>
    <feature name="CPU">
        <config name="sub_switch">
            <item type="switch">
                <log bit="0">0</log>
                <freq_interactive bit="1">1</freq_interactive>
                <scroller_boost bit="3">1</scroller_boost>
                <key_thread_boost bit="4">1</key_thread_boost>
                <ta_app_start_boost bit="5">1</ta_app_start_boost>
                <cocos_game bit="6">1</cocos_game>
                <eapa bit="7">1</eapa>
                <vr bit="8">1</vr>
                <cpuctl_fg bit="10">1</cpuctl_fg>
            </item>
        </config>
        <config name="enable_pg_freq">
            <item>
                <enable>true</enable>
            </item>
        </config>
        <config name="cpuset_screen_on">
            <item type="cpuset">
                <fg>0-3</fg>
                <bg>2-3</bg>
                <key_bg>0-7</key_bg>
                <sys_bg>0-3</sys_bg>
                <top_app>0-7</top_app>
                <ta_boost>0-5</ta_boost>
                <boost>0-5</boost>
            </item>
        </config>
        <config name="cpuset_VR">
            <item type="cpuset">
                <fg>0-3</fg>
                <bg>2-3</bg>
                <key_bg>0-7</key_bg>
                <sys_bg>0-3</sys_bg>
                <top_app>0-7</top_app>
                <boost>0-5</boost>
            </item>
        </config>
        <config name="cpuset_screen_off">
            <item type="cpuset">
                <fg>0-3</fg>
                <bg>2-3</bg>
                <key_bg>0-7</key_bg>
                <sys_bg>0-3</sys_bg>
                <top_app>0-7</top_app>
                <boost>0-5</boost>
            </item>
        </config>
        <!-- enable by freq_interactive sub_switch -->
        <config name="freq_interactive">
            <item>
                <go_hispeed_load_l>97</go_hispeed_load_l>
                <go_hispeed_load_b>95</go_hispeed_load_b>
                <hispeed_freq_l>533000</hispeed_freq_l>
                <hispeed_freq_b>903000</hispeed_freq_b>
                <target_load_freq_l>80 980000:97 1380000:78 1680000:98</target_load_freq_l>
                <target_load_freq_b>80 1380000:59 1805000:93 2112000:98</target_load_freq_b>
            </item>
        </config>
        <config name="power_nosave_freq">
            <item>
                <go_hispeed_load_l>97</go_hispeed_load_l>
                <go_hispeed_load_b>95</go_hispeed_load_b>
                <hispeed_freq_l>533000</hispeed_freq_l>
                <hispeed_freq_b>903000</hispeed_freq_b>
                <target_load_freq_l>80 980000:97 1380000:78 1680000:98</target_load_freq_l>
                <target_load_freq_b>80 1380000:59 1805000:93 2112000:98</target_load_freq_b>
            </item>
        </config>
        <config name="power_save_freq">
            <item>
                <go_hispeed_load_l>97</go_hispeed_load_l>
                <go_hispeed_load_b>95</go_hispeed_load_b>
                <hispeed_freq_l>533000</hispeed_freq_l>
                <hispeed_freq_b>903000</hispeed_freq_b>
                <target_load_freq_l>80 980000:97 1380000:78 1680000:98</target_load_freq_l>
                <target_load_freq_b>80 1380000:59 1805000:93 2112000:98</target_load_freq_b>
            </item>
        </config>
        <config name="power_supersave_freq">
            <item>
                <go_hispeed_load_l>97</go_hispeed_load_l>
                <go_hispeed_load_b>95</go_hispeed_load_b>
                <hispeed_freq_l>533000</hispeed_freq_l>
                <hispeed_freq_b>903000</hispeed_freq_b>
                <target_load_freq_l>80 980000:97 1380000:78 1680000:98</target_load_freq_l>
                <target_load_freq_b>80 1380000:59 1805000:93 2112000:98</target_load_freq_b>
            </item>
        </config>
        <config name="scroller_boost">
            <item>
                <boost_big_core>true</boost_big_core>
                <min_freq>1805000</min_freq>
                <ipa_power>3500</ipa_power>
                <boost_duration>1000</boost_duration>
                <enable_skipped_frame>0</enable_skipped_frame>
                <boost_by_each_fling>false</boost_by_each_fling>
            </item>
        </config>
        <!-- enable by scroller_boost sub_switch -->
        <config name="gesture_boost">
            <item>
                <boost_big_core>ture</boost_big_core>
                <min_freq>1805000</min_freq>
                <boost_duration>1000</boost_duration>
            </item>
        </config>
        <!-- enable by key_thread_boost sub_switch -->
        <config name="boost_key_thread_list">
            <item process_name="system_server">
                <thread_name>ActivityManag</thread_name>
                <thread_name>android.fg</thread_name>
                <thread_name>sManagerService</thread_name>
            </item>
            <item process_name="com.android.incallui">
                <thread_name>ndroid.incallui</thread_name>
            </item>
        </config>
        <config name="eapa_constant">
            <item type="global">
                <lowest_skipframe>4</lowest_skipframe>
                <period_num>10</period_num>
                <sample_interval>200</sample_interval>
                <sample_num>5</sample_num>
                <thresholds>55</thresholds>
            </item>
            <item type="b_cluster">
                <lowfreq>1805</lowfreq>
                <freq>903;1421;1805;2112;2362;</freq>
            </item>
        </config>
        <config name="cocos_game">
            <item cpu="-1">
                <bind_big_core>0</bind_big_core>
                <cpu_l_min_freq>533000</cpu_l_min_freq>
                <cpu_b_min_freq>903000</cpu_b_min_freq>
            </item>
            <item cpu="0">
                <bind_big_core>0</bind_big_core>
                <cpu_l_min_freq>533000</cpu_l_min_freq>
                <cpu_b_min_freq>1421000</cpu_b_min_freq>
            </item>
            <item cpu="1">
                <bind_big_core>0</bind_big_core>
                <cpu_l_min_freq>533000</cpu_l_min_freq>
                <cpu_b_min_freq>1805000</cpu_b_min_freq>
            </item>
            <item cpu="2">
                <bind_big_core>1</bind_big_core>
                <cpu_l_min_freq>533000</cpu_l_min_freq>
                <cpu_b_min_freq>1805000</cpu_b_min_freq>
            </item>
            <item cpu="3">
                <bind_big_core>1</bind_big_core>
                <cpu_l_min_freq>533000</cpu_l_min_freq>
                <cpu_b_min_freq>2112000</cpu_b_min_freq>
            </item>
            <item cpu="4">
                <bind_big_core>1</bind_big_core>
                <cpu_l_min_freq>533000</cpu_l_min_freq>
                <cpu_b_min_freq>2112000</cpu_b_min_freq>
            </item>
            <item cpu="5">
                <bind_big_core>1</bind_big_core>
                <cpu_l_min_freq>533000</cpu_l_min_freq>
                <cpu_b_min_freq>2112000</cpu_b_min_freq>
            </item>
            <item gpu="-1">
                <gpu_min_freq>178000000</gpu_min_freq>
            </item>
            <item gpu="0">
                <gpu_min_freq>178000000</gpu_min_freq>
            </item>
            <item gpu="1">
                <gpu_min_freq>178000000</gpu_min_freq>
            </item>
            <item gpu="2">
                <gpu_min_freq>178000000</gpu_min_freq>
            </item>
            <item gpu="3">
                <gpu_min_freq>178000000</gpu_min_freq>
            </item>
            <item gpu="4">
                <gpu_min_freq>178000000</gpu_min_freq>
            </item>
            <item gpu="5">
                <gpu_min_freq>178000000</gpu_min_freq>
            </item>
            <item gpu="6">
                <gpu_min_freq>178000000</gpu_min_freq>
            </item>
            <item gpu="7">
                <gpu_min_freq>178000000</gpu_min_freq>
            </item>
            <item gpu="8">
                <gpu_min_freq>178000000</gpu_min_freq>
            </item>
            <item gpu="9">
                <gpu_min_freq>178000000</gpu_min_freq>
            </item>
        </config>
        <config name="cpuctl_limit">
            <item>
                <cpu_ta_load_threshold>90</cpu_ta_load_threshold>
                <cpu_fg_load_threshold>80</cpu_fg_load_threshold>
                <cpu_fg_load_limit>60</cpu_fg_load_limit>
                <cpu_load_low_threshold>60</cpu_load_low_threshold>
                <cpu_highload_polling_interval>1000</cpu_highload_polling_interval>
            </item>
        </config>
    </feature>
    <feature name="GAMESDK">
        <config name="parm">
            <item appact="1">
                <fps>60</fps>
                <effect>4</effect>
            </item>
            <item appact="2">
                <fps>60</fps>
                <effect>2</effect>
            </item>
            <item appact="3">
                <fps>60</fps>
                <effect>0</effect>
            </item>
        </config>
    </feature>
    <!-- switch 0:feature diable; 1:enable; -->
    <feature name="appmng_feature">
       <config name="sub_switch">
           <item type="switch">
               <app_freeze>1</app_freeze>
               <app_iolimit>1</app_iolimit>
               <app_fake>1</app_fake>
               <app_start>1</app_start>
           </item>
       </config>
       <config name="installer_mgr">
           <item type="WhiteList">
               <pkg>com.android.packageinstaller</pkg>
               <pkg>com.huawei.appmarket</pkg>
           </item>
       </config>
       <config name="installer_duration">
           <item>
               <short_frz_dur>3000</short_frz_dur>
               <unfrz_dur>1000</unfrz_dur>
               <slide_frz_dur>6000</slide_frz_dur>
           </item>
       </config>
    </feature>
</iaware>
<!-- by Cirrest  -->
<!-- last build date 2022/08/04  -->
